indicator_id,indicator_name,needs_assessment_domain,indicator_summary,indicator_detailed_description,source_name,source_agency,api_or_download,geography_name,geography_type,state_fips,county_fips,year_or_period,source_latest_year_or_period,estimate,moe,numerator,denominator,units,unit_definition,unit_source,source_variable_label,stratification,comparison_available,data_quality_note,source_url_or_endpoint,source_citation_id,source_citation_text,retrieved_at
POP_TOTAL,Total population,Service Area and Population,Total residents.,Total residents.,ACS 5-year Detailed Tables,U.S. Census Bureau,API,"Cook County, Illinois",County,17,031,2024,2024,5182090,,5182090,,people,Number of people.,ACS count variable.,B01001_001E: Sex by Age - Estimate!!Total:; B01001_001M,Total,Yes,Most recent usable ACS 5-year detailed table. ACS special codes converted to null.,https://api.census.gov/data/2024/acs/acs5,CENSUS_ACS_API,U.S. Census ACS API: American Community Survey API. U.S. Census Bureau. Ongoing. https://api.census.gov/data.html.,2026-06-11T17:06:15.039116+00:00
POP_AGE_UNDER_18_COUNT,Population under age 18,Demographics,Children and youth under 18.,Children and youth under 18.,ACS 5-year Detailed Tables,U.S. Census Bureau,API,"Cook County, Illinois",County,17,031,2024,2024,1092202,,1092202,5182090,people,Number of people under age 18.,ACS count variable.,B09001_001E: Population Under 18 Years by Age - Estimate!!Total:; B01001_001E: Sex by Age - Estimate!!Total:,Total,Yes,Under-18 count and percentage from ACS.,https://api.census.gov/data/2024/acs/acs5,CENSUS_ACS_API,U.S. Census ACS API: American Community Survey API. U.S. Census Bureau. Ongoing. https://api.census.gov/data.html.,2026-06-11T17:06:15.039284+00:00
POP_AGE_UNDER_18_PCT,Population under age 18 percentage,Demographics,Share of residents under 18.,Share of residents under 18.,ACS 5-year Detailed Tables,U.S. Census Bureau,API,"Cook County, Illinois",County,17,031,2024,2024,21.076476865511793,,1092202,5182090,percent,Under-18 population / total population * 100.,Calculated from ACS numerator and denominator.,B09001_001E: Population Under 18 Years by Age - Estimate!!Total:; B01001_001E: Sex by Age - Estimate!!Total:,Total,Yes,Under-18 count and percentage from ACS. Derived percentage calculated by script; MOE for derived percentage not calculated.,https://api.census.gov/data/2024/acs/acs5,CENSUS_ACS_API,U.S. Census ACS API: American Community Survey API. U.S. Census Bureau. Ongoing. https://api.census.gov/data.html.,2026-06-11T17:06:15.039428+00:00
POP_AGE_65_PLUS_COUNT,Population age 65 and older,Demographics,Residents age 65+.,Residents age 65+.,ACS 5-year Detailed Tables,U.S. Census Bureau,API,"Cook County, Illinois",County,17,031,2024,2024,827156,6305.021015032385,827156,5182090,people,Number of people age 65+.,Calculated from ACS age cells.,B01001_020E: Sex by Age - Estimate!!Total:!!Male:!!65 and 66 years; B01001_021E: Sex by Age - Estimate!!Total:!!Male:!!67 to 69 years; B01001_022E: Sex by Age - Estimate!!Total:!!Male:!!70 to 74 years; B01001_023E: Sex by Age - Estimate!!Total:!!Male:!!75 to 79 years; B01001_024E: Sex by Age - Estimate!!Total:!!Male:!!80 to 84 years; B01001_025E: Sex by Age - Estimate!!Total:!!Male:!!85 years and over; B01001_044E: Sex by Age - Estimate!!Total:!!Female:!!65 and 66 years; B01001_045E: Sex by Age - Estimate!!Total:!!Female:!!67 to 69 years; B01001_046E: Sex by Age - Estimate!!Total:!!Female:!!70 to 74 years; B01001_047E: Sex by Age - Estimate!!Total:!!Female:!!75 to 79 years; B01001_048E: Sex by Age - Estimate!!Total:!!Female:!!80 to 84 years; B01001_049E: Sex by Age - Estimate!!Total:!!Female:!!85 years and over; B01001_001E: Sex by Age - Estimate!!Total:,Total,Yes,65+ count calculated from ACS B01001 age/sex cells. Sum MOE approximated.,https://api.census.gov/data/2024/acs/acs5,CENSUS_ACS_API,U.S. Census ACS API: American Community Survey API. U.S. Census Bureau. Ongoing. https://api.census.gov/data.html.,2026-06-11T17:06:15.039631+00:00
POP_AGE_65_PLUS_PCT,Population age 65 and older percentage,Demographics,Share of residents age 65+.,Share of residents age 65+.,ACS 5-year Detailed Tables,U.S. Census Bureau,API,"Cook County, Illinois",County,17,031,2024,2024,15.961822353529175,,827156,5182090,percent,Age 65+ population / total population * 100.,Calculated from ACS numerator and denominator.,B01001_020E: Sex by Age - Estimate!!Total:!!Male:!!65 and 66 years; B01001_021E: Sex by Age - Estimate!!Total:!!Male:!!67 to 69 years; B01001_022E: Sex by Age - Estimate!!Total:!!Male:!!70 to 74 years; B01001_023E: Sex by Age - Estimate!!Total:!!Male:!!75 to 79 years; B01001_024E: Sex by Age - Estimate!!Total:!!Male:!!80 to 84 years; B01001_025E: Sex by Age - Estimate!!Total:!!Male:!!85 years and over; B01001_044E: Sex by Age - Estimate!!Total:!!Female:!!65 and 66 years; B01001_045E: Sex by Age - Estimate!!Total:!!Female:!!67 to 69 years; B01001_046E: Sex by Age - Estimate!!Total:!!Female:!!70 to 74 years; B01001_047E: Sex by Age - Estimate!!Total:!!Female:!!75 to 79 years; B01001_048E: Sex by Age - Estimate!!Total:!!Female:!!80 to 84 years; B01001_049E: Sex by Age - Estimate!!Total:!!Female:!!85 years and over; B01001_001E: Sex by Age - Estimate!!Total:,Total,Yes,65+ count calculated from ACS B01001 age/sex cells. Sum MOE approximated. Derived percentage calculated by script; MOE for derived percentage not calculated.,https://api.census.gov/data/2024/acs/acs5,CENSUS_ACS_API,U.S. Census ACS API: American Community Survey API. U.S. Census Bureau. Ongoing. https://api.census.gov/data.html.,2026-06-11T17:06:15.039781+00:00
HISPANIC_LATINX_COUNT,Hispanic or Latinx population,Demographics,Residents identifying as Hispanic or Latinx.,Residents identifying as Hispanic or Latinx.,ACS 5-year Detailed Tables,U.S. Census Bureau,API,"Cook County, Illinois",County,17,031,2024,2024,1387163,,1387163,5182090,people,Number of Hispanic/Latinx residents.,ACS count variable.,B03003_003E: Hispanic or Latino Origin - Estimate!!Total:!!Hispanic or Latino; B01001_001E: Sex by Age - Estimate!!Total:,Total,Yes,Hispanic/Latinx uses ACS B03003.,https://api.census.gov/data/2024/acs/acs5,CENSUS_ACS_API,U.S. Census ACS API: American Community Survey API. U.S. Census Bureau. Ongoing. https://api.census.gov/data.html.,2026-06-11T17:06:15.039945+00:00
HISPANIC_LATINX_PCT,Hispanic or Latinx population percentage,Demographics,Share Hispanic or Latinx.,Share Hispanic or Latinx.,ACS 5-year Detailed Tables,U.S. Census Bureau,API,"Cook County, Illinois",County,17,031,2024,2024,26.76840811332879,,1387163,5182090,percent,Hispanic/Latinx population / total population * 100.,Calculated from ACS numerator and denominator.,B03003_003E: Hispanic or Latino Origin - Estimate!!Total:!!Hispanic or Latino; B01001_001E: Sex by Age - Estimate!!Total:,Total,Yes,Hispanic/Latinx uses ACS B03003. Derived percentage calculated by script; MOE for derived percentage not calculated.,https://api.census.gov/data/2024/acs/acs5,CENSUS_ACS_API,U.S. Census ACS API: American Community Survey API. U.S. Census Bureau. Ongoing. https://api.census.gov/data.html.,2026-06-11T17:06:15.040085+00:00
AIAN_POPULATION_COUNT,American Indian and Alaska Native population,Demographics,AIAN-alone residents.,AIAN-alone residents.,ACS 5-year Detailed Tables,U.S. Census Bureau,API,"Cook County, Illinois",County,17,031,2024,2024,47333,3152,47333,5182090,people,Number of AIAN-alone residents.,ACS count variable.,B02001_004E: Race - Estimate!!Total:!!American Indian and Alaska Native alone; B01001_001E: Sex by Age - Estimate!!Total:,Total,Yes,AIAN-alone uses ACS B02001.,https://api.census.gov/data/2024/acs/acs5,CENSUS_ACS_API,U.S. Census ACS API: American Community Survey API. U.S. Census Bureau. Ongoing. https://api.census.gov/data.html.,2026-06-11T17:06:15.040231+00:00
AIAN_POPULATION_PCT,American Indian and Alaska Native population percentage,Demographics,Share AIAN alone.,Share AIAN alone.,ACS 5-year Detailed Tables,U.S. Census Bureau,API,"Cook County, Illinois",County,17,031,2024,2024,0.9133959464231614,,47333,5182090,percent,AIAN-alone population / total population * 100.,Calculated from ACS numerator and denominator.,B02001_004E: Race - Estimate!!Total:!!American Indian and Alaska Native alone; B01001_001E: Sex by Age - Estimate!!Total:,Total,Yes,AIAN-alone uses ACS B02001. Derived percentage calculated by script; MOE for derived percentage not calculated.,https://api.census.gov/data/2024/acs/acs5,CENSUS_ACS_API,U.S. Census ACS API: American Community Survey API. U.S. Census Bureau. Ongoing. https://api.census.gov/data.html.,2026-06-11T17:06:15.040370+00:00
VETERAN_POPULATION_COUNT,Veteran population,Underserved Populations,Civilian veterans.,Civilian veterans.,ACS 5-year Detailed Tables,U.S. Census Bureau,API,"Cook County, Illinois",County,17,031,2024,2024,132321,3019,132321,4088230,people,Number of civilian veterans age 18+.,ACS count variable.,B21001_002E: Sex by Age by Veteran Status for the Civilian Population 18 Years and Over - Estimate!!Total:!!Veteran; B21001_001E: Sex by Age by Veteran Status for the Civilian Population 18 Years and Over - Estimate!!Total:,Total,Yes,Veteran percentage uses ACS B21001 civilian population age 18+ denominator.,https://api.census.gov/data/2024/acs/acs5,CENSUS_ACS_API,U.S. Census ACS API: American Community Survey API. U.S. Census Bureau. Ongoing. https://api.census.gov/data.html.,2026-06-11T17:06:15.040515+00:00
VETERAN_POPULATION_PCT,Veteran population percentage,Underserved Populations,Share of adult civilian population that is veteran.,Share of adult civilian population that is veteran.,ACS 5-year Detailed Tables,U.S. Census Bureau,API,"Cook County, Illinois",County,17,031,2024,2024,3.2366329683016857,,132321,4088230,percent,Veteran population / civilian population age 18+ * 100.,Calculated from ACS numerator and denominator.,B21001_002E: Sex by Age by Veteran Status for the Civilian Population 18 Years and Over - Estimate!!Total:!!Veteran; B21001_001E: Sex by Age by Veteran Status for the Civilian Population 18 Years and Over - Estimate!!Total:,Total,Yes,Veteran percentage uses ACS B21001 civilian population age 18+ denominator. Derived percentage calculated by script; MOE for derived percentage not calculated.,https://api.census.gov/data/2024/acs/acs5,CENSUS_ACS_API,U.S. Census ACS API: American Community Survey API. U.S. Census Bureau. Ongoing. https://api.census.gov/data.html.,2026-06-11T17:06:15.040633+00:00
LANGUAGE_LEP_SPANISH_COUNT,Spanish speakers who speak English less than very well,Culture and Language,Spanish-speaking LEP residents.,Spanish-speaking LEP residents.,ACS 5-year Detailed Tables,U.S. Census Bureau,API,"Cook County, Illinois",County,17,031,2024,2024,421063,5207,421063,4901570,people,People age 5+ who speak Spanish and speak English less than very well.,ACS count variable.,"C16001_005E: Language Spoken at Home for the Population 5 Years and Over - Estimate!!Total:!!Spanish:!!Speak English less than ""very well""; C16001_001E: Language Spoken at Home for the Population 5 Years and Over - Estimate!!Total:",Total,Yes,Spanish LEP uses ACS C16001 population age 5+ table.,https://api.census.gov/data/2024/acs/acs5,CENSUS_ACS_API,U.S. Census ACS API: American Community Survey API. U.S. Census Bureau. Ongoing. https://api.census.gov/data.html.,2026-06-11T17:06:15.040758+00:00
LANGUAGE_LEP_SPANISH_PCT,Spanish limited-English-proficiency percentage,Culture and Language,Share age 5+ Spanish LEP.,Share age 5+ Spanish LEP.,ACS 5-year Detailed Tables,U.S. Census Bureau,API,"Cook County, Illinois",County,17,031,2024,2024,8.590370024298338,,421063,4901570,percent,Spanish LEP / population age 5+ * 100.,Calculated from ACS numerator and denominator.,"C16001_005E: Language Spoken at Home for the Population 5 Years and Over - Estimate!!Total:!!Spanish:!!Speak English less than ""very well""; C16001_001E: Language Spoken at Home for the Population 5 Years and Over - Estimate!!Total:",Total,Yes,Spanish LEP uses ACS C16001 population age 5+ table. Derived percentage calculated by script; MOE for derived percentage not calculated.,https://api.census.gov/data/2024/acs/acs5,CENSUS_ACS_API,U.S. Census ACS API: American Community Survey API. U.S. Census Bureau. Ongoing. https://api.census.gov/data.html.,2026-06-11T17:06:15.040875+00:00
NO_VEHICLE_HOUSEHOLDS_COUNT,Households with no vehicle available,Transportation,Households with no vehicle.,Households with no vehicle.,ACS 5-year Detailed Tables,U.S. Census Bureau,API,"Cook County, Illinois",County,17,031,2024,2024,378260,5538,378260,2100230,households,Households reporting no vehicle.,ACS count variable.,B08201_002E: Household Size by Vehicles Available - Estimate!!Total:!!No vehicle available; B08201_001E: Household Size by Vehicles Available - Estimate!!Total:,Total,Yes,No-vehicle percentage uses ACS B08201 household denominator.,https://api.census.gov/data/2024/acs/acs5,CENSUS_ACS_API,U.S. Census ACS API: American Community Survey API. U.S. Census Bureau. Ongoing. https://api.census.gov/data.html.,2026-06-11T17:06:15.041009+00:00
NO_VEHICLE_HOUSEHOLDS_PCT,Households with no vehicle available percentage,Transportation,Share of households with no vehicle.,Share of households with no vehicle.,ACS 5-year Detailed Tables,U.S. Census Bureau,API,"Cook County, Illinois",County,17,031,2024,2024,18.010408383843675,,378260,2100230,percent,No-vehicle households / total households * 100.,Calculated from ACS numerator and denominator.,B08201_002E: Household Size by Vehicles Available - Estimate!!Total:!!No vehicle available; B08201_001E: Household Size by Vehicles Available - Estimate!!Total:,Total,Yes,No-vehicle percentage uses ACS B08201 household denominator. Derived percentage calculated by script; MOE for derived percentage not calculated.,https://api.census.gov/data/2024/acs/acs5,CENSUS_ACS_API,U.S. Census ACS API: American Community Survey API. U.S. Census Bureau. Ongoing. https://api.census.gov/data.html.,2026-06-11T17:06:15.041133+00:00
SNAP_HOUSEHOLDS_COUNT,Households receiving SNAP,Food/Nutrition,Households receiving SNAP.,Households receiving SNAP.,ACS 5-year Detailed Tables,U.S. Census Bureau,API,"Cook County, Illinois",County,17,031,2024,2024,329128,5405,329128,2100230,households,Households receiving SNAP.,ACS count variable.,B22010_002E: Receipt of Food Stamps/SNAP in the Past 12 Months by Disability Status for Households - Estimate!!Total:!!Household received Food Stamps/SNAP in the past 12 months:; B22010_001E: Receipt of Food Stamps/SNAP in the Past 12 Months by Disability Status for Households - Estimate!!Total:,Total,Yes,SNAP percentage uses ACS B22010 household denominator.,https://api.census.gov/data/2024/acs/acs5,CENSUS_ACS_API,U.S. Census ACS API: American Community Survey API. U.S. Census Bureau. Ongoing. https://api.census.gov/data.html.,2026-06-11T17:06:15.041258+00:00
SNAP_HOUSEHOLDS_PCT,Households receiving SNAP percentage,Food/Nutrition,Share of households receiving SNAP.,Share of households receiving SNAP.,ACS 5-year Detailed Tables,U.S. Census Bureau,API,"Cook County, Illinois",County,17,031,2024,2024,15.671045552153812,,329128,2100230,percent,SNAP households / total households * 100.,Calculated from ACS numerator and denominator.,B22010_002E: Receipt of Food Stamps/SNAP in the Past 12 Months by Disability Status for Households - Estimate!!Total:!!Household received Food Stamps/SNAP in the past 12 months:; B22010_001E: Receipt of Food Stamps/SNAP in the Past 12 Months by Disability Status for Households - Estimate!!Total:,Total,Yes,SNAP percentage uses ACS B22010 household denominator. Derived percentage calculated by script; MOE for derived percentage not calculated.,https://api.census.gov/data/2024/acs/acs5,CENSUS_ACS_API,U.S. Census ACS API: American Community Survey API. U.S. Census Bureau. Ongoing. https://api.census.gov/data.html.,2026-06-11T17:06:15.041505+00:00
RENT_BURDENED_HOUSEHOLDS_COUNT,Rent-burdened households,Housing Stability,Renter households spending 30%+ of income on rent.,Renter households spending 30%+ of income on rent.,ACS 5-year Detailed Tables,U.S. Census Bureau,API,"Cook County, Illinois",County,17,031,2024,2024,408040,6639.9911144518865,408040,887660,households,Rent-burdened renter households.,Calculated from ACS rent categories.,B25070_007E: Gross Rent as a Percentage of Household Income in the Past 12 Months - Estimate!!Total:!!30.0 to 34.9 percent; B25070_008E: Gross Rent as a Percentage of Household Income in the Past 12 Months - Estimate!!Total:!!35.0 to 39.9 percent; B25070_009E: Gross Rent as a Percentage of Household Income in the Past 12 Months - Estimate!!Total:!!40.0 to 49.9 percent; B25070_010E: Gross Rent as a Percentage of Household Income in the Past 12 Months - Estimate!!Total:!!50.0 percent or more; B25070_001E: Gross Rent as a Percentage of Household Income in the Past 12 Months - Estimate!!Total:,Total,Yes,Rent-burdened households calculated from ACS B25070 categories for 30% or more of income. Sum MOE approximated.,https://api.census.gov/data/2024/acs/acs5,CENSUS_ACS_API,U.S. Census ACS API: American Community Survey API. U.S. Census Bureau. Ongoing. https://api.census.gov/data.html.,2026-06-11T17:06:15.041657+00:00
RENT_BURDENED_HOUSEHOLDS_PCT,Rent-burdened households percentage,Housing Stability,Share of renter households rent-burdened.,Share of renter households rent-burdened.,ACS 5-year Detailed Tables,U.S. Census Bureau,API,"Cook County, Illinois",County,17,031,2024,2024,45.96805083027285,,408040,887660,percent,Rent-burdened renter households / renter households * 100.,Calculated from ACS numerator and denominator.,B25070_007E: Gross Rent as a Percentage of Household Income in the Past 12 Months - Estimate!!Total:!!30.0 to 34.9 percent; B25070_008E: Gross Rent as a Percentage of Household Income in the Past 12 Months - Estimate!!Total:!!35.0 to 39.9 percent; B25070_009E: Gross Rent as a Percentage of Household Income in the Past 12 Months - Estimate!!Total:!!40.0 to 49.9 percent; B25070_010E: Gross Rent as a Percentage of Household Income in the Past 12 Months - Estimate!!Total:!!50.0 percent or more; B25070_001E: Gross Rent as a Percentage of Household Income in the Past 12 Months - Estimate!!Total:,Total,Yes,Rent-burdened households calculated from ACS B25070 categories for 30% or more of income. Sum MOE approximated. Derived percentage calculated by script; MOE for derived percentage not calculated.,https://api.census.gov/data/2024/acs/acs5,CENSUS_ACS_API,U.S. Census ACS API: American Community Survey API. U.S. Census Bureau. Ongoing. https://api.census.gov/data.html.,2026-06-11T17:06:15.041775+00:00
MEDIAN_HOME_VALUE,Median home value,Housing Stability,Median owner-occupied home value.,Median owner-occupied home value.,ACS 5-year Detailed Tables,U.S. Census Bureau,API,"Cook County, Illinois",County,17,031,2024,2024,324500,1460,,,dollars,Median home value in dollars.,ACS dollar variable.,B25077_001E: Median Value (Dollars) - Estimate!!Median value (dollars); B25077_001M,Owner-occupied housing units,Yes,Most recent usable ACS 5-year detailed table.,https://api.census.gov/data/2024/acs/acs5,CENSUS_ACS_API,U.S. Census ACS API: American Community Survey API. U.S. Census Bureau. Ongoing. https://api.census.gov/data.html.,2026-06-11T17:06:15.041912+00:00
MEDIAN_HOUSEHOLD_INCOME,Median household income,Economic Stability,Median household income.,Median household income.,ACS 5-year Detailed Tables,U.S. Census Bureau,API,"Cook County, Illinois",County,17,031,2024,2024,83498,630,,,dollars,Median household income in dollars.,ACS dollar variable.,B19013_001E: Median Household Income in the Past 12 Months (in 2024 Inflation-Adjusted Dollars) - Estimate!!Median household income in the past 12 months (in 2024 inflation-adjusted dollars); B19013_001M,Households,Yes,Most recent usable ACS 5-year detailed table.,https://api.census.gov/data/2024/acs/acs5,CENSUS_ACS_API,U.S. Census ACS API: American Community Survey API. U.S. Census Bureau. Ongoing. https://api.census.gov/data.html.,2026-06-11T17:06:15.042052+00:00
POVERTY_RATE,Population below poverty level,Economic Stability,Percentage below poverty.,Percentage below poverty.,ACS 5-year Data Profile,U.S. Census Bureau,API,"Cook County, Illinois",County,17,031,2024,2024,13.5,0.3,,,percent,Percent below federal poverty level.,ACS profile percent variable.,DP03_0128PE: Selected Economic Characteristics - Percent!!PERCENTAGE OF FAMILIES AND PEOPLE WHOSE INCOME IN THE PAST 12 MONTHS IS BELOW THE POVERTY LEVEL!!All people; DP03_0128PM,Total,Yes,Most recent usable ACS 5-year profile table.,https://api.census.gov/data/2024/acs/acs5/profile,CENSUS_ACS_API,U.S. Census ACS API: American Community Survey API. U.S. Census Bureau. Ongoing. https://api.census.gov/data.html.,2026-06-11T17:06:15.042949+00:00
UNINSURED_RATE,Uninsured rate,Insurance Coverage,Percentage without health insurance.,Percentage without health insurance.,ACS 5-year Data Profile,U.S. Census Bureau,API,"Cook County, Illinois",County,17,031,2024,2024,8.9,0.2,,,percent,Percent with no health insurance.,ACS profile percent variable.,DP03_0099PE: Selected Economic Characteristics - Percent!!HEALTH INSURANCE COVERAGE!!Civilian noninstitutionalized population!!No health insurance coverage; DP03_0099PM,Total,Yes,Most recent usable ACS 5-year profile table.,https://api.census.gov/data/2024/acs/acs5/profile,CENSUS_ACS_API,U.S. Census ACS API: American Community Survey API. U.S. Census Bureau. Ongoing. https://api.census.gov/data.html.,2026-06-11T17:06:15.043089+00:00
PUBLIC_COVERAGE_RATE,Public health insurance coverage rate,Insurance Coverage,Percentage with public coverage.,Percentage with public coverage.,ACS 5-year Data Profile,U.S. Census Bureau,API,"Cook County, Illinois",County,17,031,2024,2024,35.3,0.2,,,percent,Percent with public health insurance.,ACS DP03_0098PE.,DP03_0098PE: Selected Economic Characteristics - Percent!!HEALTH INSURANCE COVERAGE!!Civilian noninstitutionalized population!!With health insurance coverage!!With public coverage; DP03_0098PM,Total,Yes,Most recent usable ACS 5-year profile table.,https://api.census.gov/data/2024/acs/acs5/profile,CENSUS_ACS_API,U.S. Census ACS API: American Community Survey API. U.S. Census Bureau. Ongoing. https://api.census.gov/data.html.,2026-06-11T17:06:15.043221+00:00
DISABILITY_COUNT,Population with a disability,Underserved Populations,Residents with a disability.,Residents with a disability.,ACS 5-year Subject Tables,U.S. Census Bureau,API,"Cook County, Illinois",County,17,031,2024,2024,587540,6645,587540,,people,Civilian noninstitutionalized people with a disability.,ACS subject count variable.,S1810_C02_001E: Disability Characteristics - Estimate!!With a disability!!Total civilian noninstitutionalized population; S1810_C02_001M,Civilian noninstitutionalized population,Yes,Most recent usable ACS 5-year subject table.,https://api.census.gov/data/2024/acs/acs5/subject,CENSUS_ACS_API,U.S. Census ACS API: American Community Survey API. U.S. Census Bureau. Ongoing. https://api.census.gov/data.html.,2026-06-11T17:06:15.043747+00:00
DISABILITY_PREVALENCE,Disability prevalence,Underserved Populations,Share of residents with a disability.,Share of residents with a disability.,ACS 5-year Subject Tables,U.S. Census Bureau,API,"Cook County, Illinois",County,17,031,2024,2024,11.4,0.1,,,percent,Percent with a disability.,ACS subject percent variable.,S1810_C03_001E: Disability Characteristics - Estimate!!Percent with a disability!!Total civilian noninstitutionalized population; S1810_C03_001M,Civilian noninstitutionalized population,Yes,Most recent usable ACS 5-year subject table.,https://api.census.gov/data/2024/acs/acs5/subject,CENSUS_ACS_API,U.S. Census ACS API: American Community Survey API. U.S. Census Bureau. Ongoing. https://api.census.gov/data.html.,2026-06-11T17:06:15.043880+00:00
POP_TOTAL,Total population,Service Area and Population,Total residents.,Total residents.,ACS 5-year Detailed Tables,U.S. Census Bureau,API,Illinois,State,17,,2024,2024,12694798,,12694798,,people,Number of people.,ACS count variable.,B01001_001E: Sex by Age - Estimate!!Total:; B01001_001M,Total,Yes,Most recent usable ACS 5-year detailed table. ACS special codes converted to null.,https://api.census.gov/data/2024/acs/acs5,CENSUS_ACS_API,U.S. Census ACS API: American Community Survey API. U.S. Census Bureau. Ongoing. https://api.census.gov/data.html.,2026-06-11T17:06:16.982186+00:00
POP_AGE_UNDER_18_COUNT,Population under age 18,Demographics,Children and youth under 18.,Children and youth under 18.,ACS 5-year Detailed Tables,U.S. Census Bureau,API,Illinois,State,17,,2024,2024,2773339,364,2773339,12694798,people,Number of people under age 18.,ACS count variable.,B09001_001E: Population Under 18 Years by Age - Estimate!!Total:; B01001_001E: Sex by Age - Estimate!!Total:,Total,Yes,Under-18 count and percentage from ACS.,https://api.census.gov/data/2024/acs/acs5,CENSUS_ACS_API,U.S. Census ACS API: American Community Survey API. U.S. Census Bureau. Ongoing. https://api.census.gov/data.html.,2026-06-11T17:06:16.982257+00:00
POP_AGE_UNDER_18_PCT,Population under age 18 percentage,Demographics,Share of residents under 18.,Share of residents under 18.,ACS 5-year Detailed Tables,U.S. Census Bureau,API,Illinois,State,17,,2024,2024,21.846263327703205,,2773339,12694798,percent,Under-18 population / total population * 100.,Calculated from ACS numerator and denominator.,B09001_001E: Population Under 18 Years by Age - Estimate!!Total:; B01001_001E: Sex by Age - Estimate!!Total:,Total,Yes,Under-18 count and percentage from ACS. Derived percentage calculated by script; MOE for derived percentage not calculated.,https://api.census.gov/data/2024/acs/acs5,CENSUS_ACS_API,U.S. Census ACS API: American Community Survey API. U.S. Census Bureau. Ongoing. https://api.census.gov/data.html.,2026-06-11T17:06:16.982320+00:00
POP_AGE_65_PLUS_COUNT,Population age 65 and older,Demographics,Residents age 65+.,Residents age 65+.,ACS 5-year Detailed Tables,U.S. Census Bureau,API,Illinois,State,17,,2024,2024,2156214,9155.185197,2156214,12694798,people,Number of people age 65+.,Calculated from ACS age cells.,B01001_020E: Sex by Age - Estimate!!Total:!!Male:!!65 and 66 years; B01001_021E: Sex by Age - Estimate!!Total:!!Male:!!67 to 69 years; B01001_022E: Sex by Age - Estimate!!Total:!!Male:!!70 to 74 years; B01001_023E: Sex by Age - Estimate!!Total:!!Male:!!75 to 79 years; B01001_024E: Sex by Age - Estimate!!Total:!!Male:!!80 to 84 years; B01001_025E: Sex by Age - Estimate!!Total:!!Male:!!85 years and over; B01001_044E: Sex by Age - Estimate!!Total:!!Female:!!65 and 66 years; B01001_045E: Sex by Age - Estimate!!Total:!!Female:!!67 to 69 years; B01001_046E: Sex by Age - Estimate!!Total:!!Female:!!70 to 74 years; B01001_047E: Sex by Age - Estimate!!Total:!!Female:!!75 to 79 years; B01001_048E: Sex by Age - Estimate!!Total:!!Female:!!80 to 84 years; B01001_049E: Sex by Age - Estimate!!Total:!!Female:!!85 years and over; B01001_001E: Sex by Age - Estimate!!Total:,Total,Yes,65+ count calculated from ACS B01001 age/sex cells. Sum MOE approximated.,https://api.census.gov/data/2024/acs/acs5,CENSUS_ACS_API,U.S. Census ACS API: American Community Survey API. U.S. Census Bureau. Ongoing. https://api.census.gov/data.html.,2026-06-11T17:06:16.982413+00:00
POP_AGE_65_PLUS_PCT,Population age 65 and older percentage,Demographics,Share of residents age 65+.,Share of residents age 65+.,ACS 5-year Detailed Tables,U.S. Census Bureau,API,Illinois,State,17,,2024,2024,16.985020163377158,,2156214,12694798,percent,Age 65+ population / total population * 100.,Calculated from ACS numerator and denominator.,B01001_020E: Sex by Age - Estimate!!Total:!!Male:!!65 and 66 years; B01001_021E: Sex by Age - Estimate!!Total:!!Male:!!67 to 69 years; B01001_022E: Sex by Age - Estimate!!Total:!!Male:!!70 to 74 years; B01001_023E: Sex by Age - Estimate!!Total:!!Male:!!75 to 79 years; B01001_024E: Sex by Age - Estimate!!Total:!!Male:!!80 to 84 years; B01001_025E: Sex by Age - Estimate!!Total:!!Male:!!85 years and over; B01001_044E: Sex by Age - Estimate!!Total:!!Female:!!65 and 66 years; B01001_045E: Sex by Age - Estimate!!Total:!!Female:!!67 to 69 years; B01001_046E: Sex by Age - Estimate!!Total:!!Female:!!70 to 74 years; B01001_047E: Sex by Age - Estimate!!Total:!!Female:!!75 to 79 years; B01001_048E: Sex by Age - Estimate!!Total:!!Female:!!80 to 84 years; B01001_049E: Sex by Age - Estimate!!Total:!!Female:!!85 years and over; B01001_001E: Sex by Age - Estimate!!Total:,Total,Yes,65+ count calculated from ACS B01001 age/sex cells. Sum MOE approximated. Derived percentage calculated by script; MOE for derived percentage not calculated.,https://api.census.gov/data/2024/acs/acs5,CENSUS_ACS_API,U.S. Census ACS API: American Community Survey API. U.S. Census Bureau. Ongoing. https://api.census.gov/data.html.,2026-06-11T17:06:16.982474+00:00
HISPANIC_LATINX_COUNT,Hispanic or Latinx population,Demographics,Residents identifying as Hispanic or Latinx.,Residents identifying as Hispanic or Latinx.,ACS 5-year Detailed Tables,U.S. Census Bureau,API,Illinois,State,17,,2024,2024,2387049,283,2387049,12694798,people,Number of Hispanic/Latinx residents.,ACS count variable.,B03003_003E: Hispanic or Latino Origin - Estimate!!Total:!!Hispanic or Latino; B01001_001E: Sex by Age - Estimate!!Total:,Total,Yes,Hispanic/Latinx uses ACS B03003.,https://api.census.gov/data/2024/acs/acs5,CENSUS_ACS_API,U.S. Census ACS API: American Community Survey API. U.S. Census Bureau. Ongoing. https://api.census.gov/data.html.,2026-06-11T17:06:16.982542+00:00
HISPANIC_LATINX_PCT,Hispanic or Latinx population percentage,Demographics,Share Hispanic or Latinx.,Share Hispanic or Latinx.,ACS 5-year Detailed Tables,U.S. Census Bureau,API,Illinois,State,17,,2024,2024,18.80336339341516,,2387049,12694798,percent,Hispanic/Latinx population / total population * 100.,Calculated from ACS numerator and denominator.,B03003_003E: Hispanic or Latino Origin - Estimate!!Total:!!Hispanic or Latino; B01001_001E: Sex by Age - Estimate!!Total:,Total,Yes,Hispanic/Latinx uses ACS B03003. Derived percentage calculated by script; MOE for derived percentage not calculated.,https://api.census.gov/data/2024/acs/acs5,CENSUS_ACS_API,U.S. Census ACS API: American Community Survey API. U.S. Census Bureau. Ongoing. https://api.census.gov/data.html.,2026-06-11T17:06:16.982602+00:00
AIAN_POPULATION_COUNT,American Indian and Alaska Native population,Demographics,AIAN-alone residents.,AIAN-alone residents.,ACS 5-year Detailed Tables,U.S. Census Bureau,API,Illinois,State,17,,2024,2024,81090,4028,81090,12694798,people,Number of AIAN-alone residents.,ACS count variable.,B02001_004E: Race - Estimate!!Total:!!American Indian and Alaska Native alone; B01001_001E: Sex by Age - Estimate!!Total:,Total,Yes,AIAN-alone uses ACS B02001.,https://api.census.gov/data/2024/acs/acs5,CENSUS_ACS_API,U.S. Census ACS API: American Community Survey API. U.S. Census Bureau. Ongoing. https://api.census.gov/data.html.,2026-06-11T17:06:16.982664+00:00
AIAN_POPULATION_PCT,American Indian and Alaska Native population percentage,Demographics,Share AIAN alone.,Share AIAN alone.,ACS 5-year Detailed Tables,U.S. Census Bureau,API,Illinois,State,17,,2024,2024,0.6387655794129217,,81090,12694798,percent,AIAN-alone population / total population * 100.,Calculated from ACS numerator and denominator.,B02001_004E: Race - Estimate!!Total:!!American Indian and Alaska Native alone; B01001_001E: Sex by Age - Estimate!!Total:,Total,Yes,AIAN-alone uses ACS B02001. Derived percentage calculated by script; MOE for derived percentage not calculated.,https://api.census.gov/data/2024/acs/acs5,CENSUS_ACS_API,U.S. Census ACS API: American Community Survey API. U.S. Census Bureau. Ongoing. https://api.census.gov/data.html.,2026-06-11T17:06:16.982724+00:00
VETERAN_POPULATION_COUNT,Veteran population,Underserved Populations,Civilian veterans.,Civilian veterans.,ACS 5-year Detailed Tables,U.S. Census Bureau,API,Illinois,State,17,,2024,2024,478196,4766,478196,9899573,people,Number of civilian veterans age 18+.,ACS count variable.,B21001_002E: Sex by Age by Veteran Status for the Civilian Population 18 Years and Over - Estimate!!Total:!!Veteran; B21001_001E: Sex by Age by Veteran Status for the Civilian Population 18 Years and Over - Estimate!!Total:,Total,Yes,Veteran percentage uses ACS B21001 civilian population age 18+ denominator.,https://api.census.gov/data/2024/acs/acs5,CENSUS_ACS_API,U.S. Census ACS API: American Community Survey API. U.S. Census Bureau. Ongoing. https://api.census.gov/data.html.,2026-06-11T17:06:16.982786+00:00
VETERAN_POPULATION_PCT,Veteran population percentage,Underserved Populations,Share of adult civilian population that is veteran.,Share of adult civilian population that is veteran.,ACS 5-year Detailed Tables,U.S. Census Bureau,API,Illinois,State,17,,2024,2024,4.830470970818641,,478196,9899573,percent,Veteran population / civilian population age 18+ * 100.,Calculated from ACS numerator and denominator.,B21001_002E: Sex by Age by Veteran Status for the Civilian Population 18 Years and Over - Estimate!!Total:!!Veteran; B21001_001E: Sex by Age by Veteran Status for the Civilian Population 18 Years and Over - Estimate!!Total:,Total,Yes,Veteran percentage uses ACS B21001 civilian population age 18+ denominator. Derived percentage calculated by script; MOE for derived percentage not calculated.,https://api.census.gov/data/2024/acs/acs5,CENSUS_ACS_API,U.S. Census ACS API: American Community Survey API. U.S. Census Bureau. Ongoing. https://api.census.gov/data.html.,2026-06-11T17:06:16.982846+00:00
LANGUAGE_LEP_SPANISH_COUNT,Spanish speakers who speak English less than very well,Culture and Language,Spanish-speaking LEP residents.,Spanish-speaking LEP residents.,ACS 5-year Detailed Tables,U.S. Census Bureau,API,Illinois,State,17,,2024,2024,659015,6452,659015,12003587,people,People age 5+ who speak Spanish and speak English less than very well.,ACS count variable.,"C16001_005E: Language Spoken at Home for the Population 5 Years and Over - Estimate!!Total:!!Spanish:!!Speak English less than ""very well""; C16001_001E: Language Spoken at Home for the Population 5 Years and Over - Estimate!!Total:",Total,Yes,Spanish LEP uses ACS C16001 population age 5+ table.,https://api.census.gov/data/2024/acs/acs5,CENSUS_ACS_API,U.S. Census ACS API: American Community Survey API. U.S. Census Bureau. Ongoing. https://api.census.gov/data.html.,2026-06-11T17:06:16.982909+00:00
LANGUAGE_LEP_SPANISH_PCT,Spanish limited-English-proficiency percentage,Culture and Language,Share age 5+ Spanish LEP.,Share age 5+ Spanish LEP.,ACS 5-year Detailed Tables,U.S. Census Bureau,API,Illinois,State,17,,2024,2024,5.490150569159036,,659015,12003587,percent,Spanish LEP / population age 5+ * 100.,Calculated from ACS numerator and denominator.,"C16001_005E: Language Spoken at Home for the Population 5 Years and Over - Estimate!!Total:!!Spanish:!!Speak English less than ""very well""; C16001_001E: Language Spoken at Home for the Population 5 Years and Over - Estimate!!Total:",Total,Yes,Spanish LEP uses ACS C16001 population age 5+ table. Derived percentage calculated by script; MOE for derived percentage not calculated.,https://api.census.gov/data/2024/acs/acs5,CENSUS_ACS_API,U.S. Census ACS API: American Community Survey API. U.S. Census Bureau. Ongoing. https://api.census.gov/data.html.,2026-06-11T17:06:16.982969+00:00
NO_VEHICLE_HOUSEHOLDS_COUNT,Households with no vehicle available,Transportation,Households with no vehicle.,Households with no vehicle.,ACS 5-year Detailed Tables,U.S. Census Bureau,API,Illinois,State,17,,2024,2024,552555,6335,552555,5036449,households,Households reporting no vehicle.,ACS count variable.,B08201_002E: Household Size by Vehicles Available - Estimate!!Total:!!No vehicle available; B08201_001E: Household Size by Vehicles Available - Estimate!!Total:,Total,Yes,No-vehicle percentage uses ACS B08201 household denominator.,https://api.census.gov/data/2024/acs/acs5,CENSUS_ACS_API,U.S. Census ACS API: American Community Survey API. U.S. Census Bureau. Ongoing. https://api.census.gov/data.html.,2026-06-11T17:06:16.983031+00:00
NO_VEHICLE_HOUSEHOLDS_PCT,Households with no vehicle available percentage,Transportation,Share of households with no vehicle.,Share of households with no vehicle.,ACS 5-year Detailed Tables,U.S. Census Bureau,API,Illinois,State,17,,2024,2024,10.97112270967104,,552555,5036449,percent,No-vehicle households / total households * 100.,Calculated from ACS numerator and denominator.,B08201_002E: Household Size by Vehicles Available - Estimate!!Total:!!No vehicle available; B08201_001E: Household Size by Vehicles Available - Estimate!!Total:,Total,Yes,No-vehicle percentage uses ACS B08201 household denominator. Derived percentage calculated by script; MOE for derived percentage not calculated.,https://api.census.gov/data/2024/acs/acs5,CENSUS_ACS_API,U.S. Census ACS API: American Community Survey API. U.S. Census Bureau. Ongoing. https://api.census.gov/data.html.,2026-06-11T17:06:16.983101+00:00
SNAP_HOUSEHOLDS_COUNT,Households receiving SNAP,Food/Nutrition,Households receiving SNAP.,Households receiving SNAP.,ACS 5-year Detailed Tables,U.S. Census Bureau,API,Illinois,State,17,,2024,2024,696580,6410,696580,5036449,households,Households receiving SNAP.,ACS count variable.,B22010_002E: Receipt of Food Stamps/SNAP in the Past 12 Months by Disability Status for Households - Estimate!!Total:!!Household received Food Stamps/SNAP in the past 12 months:; B22010_001E: Receipt of Food Stamps/SNAP in the Past 12 Months by Disability Status for Households - Estimate!!Total:,Total,Yes,SNAP percentage uses ACS B22010 household denominator.,https://api.census.gov/data/2024/acs/acs5,CENSUS_ACS_API,U.S. Census ACS API: American Community Survey API. U.S. Census Bureau. Ongoing. https://api.census.gov/data.html.,2026-06-11T17:06:16.983164+00:00
SNAP_HOUSEHOLDS_PCT,Households receiving SNAP percentage,Food/Nutrition,Share of households receiving SNAP.,Share of households receiving SNAP.,ACS 5-year Detailed Tables,U.S. Census Bureau,API,Illinois,State,17,,2024,2024,13.830776406154415,,696580,5036449,percent,SNAP households / total households * 100.,Calculated from ACS numerator and denominator.,B22010_002E: Receipt of Food Stamps/SNAP in the Past 12 Months by Disability Status for Households - Estimate!!Total:!!Household received Food Stamps/SNAP in the past 12 months:; B22010_001E: Receipt of Food Stamps/SNAP in the Past 12 Months by Disability Status for Households - Estimate!!Total:,Total,Yes,SNAP percentage uses ACS B22010 household denominator. Derived percentage calculated by script; MOE for derived percentage not calculated.,https://api.census.gov/data/2024/acs/acs5,CENSUS_ACS_API,U.S. Census ACS API: American Community Survey API. U.S. Census Bureau. Ongoing. https://api.census.gov/data.html.,2026-06-11T17:06:16.983224+00:00
RENT_BURDENED_HOUSEHOLDS_COUNT,Rent-burdened households,Housing Stability,Renter households spending 30%+ of income on rent.,Renter households spending 30%+ of income on rent.,ACS 5-year Detailed Tables,U.S. Census Bureau,API,Illinois,State,17,,2024,2024,737425,8184.878068731385,737425,1657539,households,Rent-burdened renter households.,Calculated from ACS rent categories.,B25070_007E: Gross Rent as a Percentage of Household Income in the Past 12 Months - Estimate!!Total:!!30.0 to 34.9 percent; B25070_008E: Gross Rent as a Percentage of Household Income in the Past 12 Months - Estimate!!Total:!!35.0 to 39.9 percent; B25070_009E: Gross Rent as a Percentage of Household Income in the Past 12 Months - Estimate!!Total:!!40.0 to 49.9 percent; B25070_010E: Gross Rent as a Percentage of Household Income in the Past 12 Months - Estimate!!Total:!!50.0 percent or more; B25070_001E: Gross Rent as a Percentage of Household Income in the Past 12 Months - Estimate!!Total:,Total,Yes,Rent-burdened households calculated from ACS B25070 categories for 30% or more of income. Sum MOE approximated.,https://api.census.gov/data/2024/acs/acs5,CENSUS_ACS_API,U.S. Census ACS API: American Community Survey API. U.S. Census Bureau. Ongoing. https://api.census.gov/data.html.,2026-06-11T17:06:16.983296+00:00
RENT_BURDENED_HOUSEHOLDS_PCT,Rent-burdened households percentage,Housing Stability,Share of renter households rent-burdened.,Share of renter households rent-burdened.,ACS 5-year Detailed Tables,U.S. Census Bureau,API,Illinois,State,17,,2024,2024,44.48914927491902,,737425,1657539,percent,Rent-burdened renter households / renter households * 100.,Calculated from ACS numerator and denominator.,B25070_007E: Gross Rent as a Percentage of Household Income in the Past 12 Months - Estimate!!Total:!!30.0 to 34.9 percent; B25070_008E: Gross Rent as a Percentage of Household Income in the Past 12 Months - Estimate!!Total:!!35.0 to 39.9 percent; B25070_009E: Gross Rent as a Percentage of Household Income in the Past 12 Months - Estimate!!Total:!!40.0 to 49.9 percent; B25070_010E: Gross Rent as a Percentage of Household Income in the Past 12 Months - Estimate!!Total:!!50.0 percent or more; B25070_001E: Gross Rent as a Percentage of Household Income in the Past 12 Months - Estimate!!Total:,Total,Yes,Rent-burdened households calculated from ACS B25070 categories for 30% or more of income. Sum MOE approximated. Derived percentage calculated by script; MOE for derived percentage not calculated.,https://api.census.gov/data/2024/acs/acs5,CENSUS_ACS_API,U.S. Census ACS API: American Community Survey API. U.S. Census Bureau. Ongoing. https://api.census.gov/data.html.,2026-06-11T17:06:16.983355+00:00
MEDIAN_HOME_VALUE,Median home value,Housing Stability,Median owner-occupied home value.,Median owner-occupied home value.,ACS 5-year Detailed Tables,U.S. Census Bureau,API,Illinois,State,17,,2024,2024,263300,797,,,dollars,Median home value in dollars.,ACS dollar variable.,B25077_001E: Median Value (Dollars) - Estimate!!Median value (dollars); B25077_001M,Owner-occupied housing units,Yes,Most recent usable ACS 5-year detailed table.,https://api.census.gov/data/2024/acs/acs5,CENSUS_ACS_API,U.S. Census ACS API: American Community Survey API. U.S. Census Bureau. Ongoing. https://api.census.gov/data.html.,2026-06-11T17:06:16.983417+00:00
MEDIAN_HOUSEHOLD_INCOME,Median household income,Economic Stability,Median household income.,Median household income.,ACS 5-year Detailed Tables,U.S. Census Bureau,API,Illinois,State,17,,2024,2024,83390,362,,,dollars,Median household income in dollars.,ACS dollar variable.,B19013_001E: Median Household Income in the Past 12 Months (in 2024 Inflation-Adjusted Dollars) - Estimate!!Median household income in the past 12 months (in 2024 inflation-adjusted dollars); B19013_001M,Households,Yes,Most recent usable ACS 5-year detailed table.,https://api.census.gov/data/2024/acs/acs5,CENSUS_ACS_API,U.S. Census ACS API: American Community Survey API. U.S. Census Bureau. Ongoing. https://api.census.gov/data.html.,2026-06-11T17:06:16.983479+00:00
POVERTY_RATE,Population below poverty level,Economic Stability,Percentage below poverty.,Percentage below poverty.,ACS 5-year Data Profile,U.S. Census Bureau,API,Illinois,State,17,,2024,2024,11.8,0.1,,,percent,Percent below federal poverty level.,ACS profile percent variable.,DP03_0128PE: Selected Economic Characteristics - Percent!!PERCENTAGE OF FAMILIES AND PEOPLE WHOSE INCOME IN THE PAST 12 MONTHS IS BELOW THE POVERTY LEVEL!!All people; DP03_0128PM,Total,Yes,Most recent usable ACS 5-year profile table.,https://api.census.gov/data/2024/acs/acs5/profile,CENSUS_ACS_API,U.S. Census ACS API: American Community Survey API. U.S. Census Bureau. Ongoing. https://api.census.gov/data.html.,2026-06-11T17:06:16.983898+00:00
UNINSURED_RATE,Uninsured rate,Insurance Coverage,Percentage without health insurance.,Percentage without health insurance.,ACS 5-year Data Profile,U.S. Census Bureau,API,Illinois,State,17,,2024,2024,6.9,0.1,,,percent,Percent with no health insurance.,ACS profile percent variable.,DP03_0099PE: Selected Economic Characteristics - Percent!!HEALTH INSURANCE COVERAGE!!Civilian noninstitutionalized population!!No health insurance coverage; DP03_0099PM,Total,Yes,Most recent usable ACS 5-year profile table.,https://api.census.gov/data/2024/acs/acs5/profile,CENSUS_ACS_API,U.S. Census ACS API: American Community Survey API. U.S. Census Bureau. Ongoing. https://api.census.gov/data.html.,2026-06-11T17:06:16.983967+00:00
PUBLIC_COVERAGE_RATE,Public health insurance coverage rate,Insurance Coverage,Percentage with public coverage.,Percentage with public coverage.,ACS 5-year Data Profile,U.S. Census Bureau,API,Illinois,State,17,,2024,2024,35,0.2,,,percent,Percent with public health insurance.,ACS DP03_0098PE.,DP03_0098PE: Selected Economic Characteristics - Percent!!HEALTH INSURANCE COVERAGE!!Civilian noninstitutionalized population!!With health insurance coverage!!With public coverage; DP03_0098PM,Total,Yes,Most recent usable ACS 5-year profile table.,https://api.census.gov/data/2024/acs/acs5/profile,CENSUS_ACS_API,U.S. Census ACS API: American Community Survey API. U.S. Census Bureau. Ongoing. https://api.census.gov/data.html.,2026-06-11T17:06:16.984032+00:00
DISABILITY_COUNT,Population with a disability,Underserved Populations,Residents with a disability.,Residents with a disability.,ACS 5-year Subject Tables,U.S. Census Bureau,API,Illinois,State,17,,2024,2024,1512797,9449,1512797,,people,Civilian noninstitutionalized people with a disability.,ACS subject count variable.,S1810_C02_001E: Disability Characteristics - Estimate!!With a disability!!Total civilian noninstitutionalized population; S1810_C02_001M,Civilian noninstitutionalized population,Yes,Most recent usable ACS 5-year subject table.,https://api.census.gov/data/2024/acs/acs5/subject,CENSUS_ACS_API,U.S. Census ACS API: American Community Survey API. U.S. Census Bureau. Ongoing. https://api.census.gov/data.html.,2026-06-11T17:06:16.984489+00:00
DISABILITY_PREVALENCE,Disability prevalence,Underserved Populations,Share of residents with a disability.,Share of residents with a disability.,ACS 5-year Subject Tables,U.S. Census Bureau,API,Illinois,State,17,,2024,2024,12.1,0.1,,,percent,Percent with a disability.,ACS subject percent variable.,S1810_C03_001E: Disability Characteristics - Estimate!!Percent with a disability!!Total civilian noninstitutionalized population; S1810_C03_001M,Civilian noninstitutionalized population,Yes,Most recent usable ACS 5-year subject table.,https://api.census.gov/data/2024/acs/acs5/subject,CENSUS_ACS_API,U.S. Census ACS API: American Community Survey API. U.S. Census Bureau. Ongoing. https://api.census.gov/data.html.,2026-06-11T17:06:16.984554+00:00
POP_TOTAL,Total population,Service Area and Population,Total residents.,Total residents.,ACS 5-year Detailed Tables,U.S. Census Bureau,API,United States,United States,,,2024,2024,334922499,,334922499,,people,Number of people.,ACS count variable.,B01001_001E: Sex by Age - Estimate!!Total:; B01001_001M,Total,Yes,Most recent usable ACS 5-year detailed table. ACS special codes converted to null.,https://api.census.gov/data/2024/acs/acs5,CENSUS_ACS_API,U.S. Census ACS API: American Community Survey API. U.S. Census Bureau. Ongoing. https://api.census.gov/data.html.,2026-06-11T17:06:19.035593+00:00
POP_AGE_UNDER_18_COUNT,Population under age 18,Demographics,Children and youth under 18.,Children and youth under 18.,ACS 5-year Detailed Tables,U.S. Census Bureau,API,United States,United States,,,2024,2024,73517834,4282,73517834,334922499,people,Number of people under age 18.,ACS count variable.,B09001_001E: Population Under 18 Years by Age - Estimate!!Total:; B01001_001E: Sex by Age - Estimate!!Total:,Total,Yes,Under-18 count and percentage from ACS.,https://api.census.gov/data/2024/acs/acs5,CENSUS_ACS_API,U.S. Census ACS API: American Community Survey API. U.S. Census Bureau. Ongoing. https://api.census.gov/data.html.,2026-06-11T17:06:19.035831+00:00
POP_AGE_UNDER_18_PCT,Population under age 18 percentage,Demographics,Share of residents under 18.,Share of residents under 18.,ACS 5-year Detailed Tables,U.S. Census Bureau,API,United States,United States,,,2024,2024,21.950700302161547,,73517834,334922499,percent,Under-18 population / total population * 100.,Calculated from ACS numerator and denominator.,B09001_001E: Population Under 18 Years by Age - Estimate!!Total:; B01001_001E: Sex by Age - Estimate!!Total:,Total,Yes,Under-18 count and percentage from ACS. Derived percentage calculated by script; MOE for derived percentage not calculated.,https://api.census.gov/data/2024/acs/acs5,CENSUS_ACS_API,U.S. Census ACS API: American Community Survey API. U.S. Census Bureau. Ongoing. https://api.census.gov/data.html.,2026-06-11T17:06:19.036015+00:00
POP_AGE_65_PLUS_COUNT,Population age 65 and older,Demographics,Residents age 65+.,Residents age 65+.,ACS 5-year Detailed Tables,U.S. Census Bureau,API,United States,United States,,,2024,2024,57633628,50013.31448724429,57633628,334922499,people,Number of people age 65+.,Calculated from ACS age cells.,B01001_020E: Sex by Age - Estimate!!Total:!!Male:!!65 and 66 years; B01001_021E: Sex by Age - Estimate!!Total:!!Male:!!67 to 69 years; B01001_022E: Sex by Age - Estimate!!Total:!!Male:!!70 to 74 years; B01001_023E: Sex by Age - Estimate!!Total:!!Male:!!75 to 79 years; B01001_024E: Sex by Age - Estimate!!Total:!!Male:!!80 to 84 years; B01001_025E: Sex by Age - Estimate!!Total:!!Male:!!85 years and over; B01001_044E: Sex by Age - Estimate!!Total:!!Female:!!65 and 66 years; B01001_045E: Sex by Age - Estimate!!Total:!!Female:!!67 to 69 years; B01001_046E: Sex by Age - Estimate!!Total:!!Female:!!70 to 74 years; B01001_047E: Sex by Age - Estimate!!Total:!!Female:!!75 to 79 years; B01001_048E: Sex by Age - Estimate!!Total:!!Female:!!80 to 84 years; B01001_049E: Sex by Age - Estimate!!Total:!!Female:!!85 years and over; B01001_001E: Sex by Age - Estimate!!Total:,Total,Yes,65+ count calculated from ACS B01001 age/sex cells. Sum MOE approximated.,https://api.census.gov/data/2024/acs/acs5,CENSUS_ACS_API,U.S. Census ACS API: American Community Survey API. U.S. Census Bureau. Ongoing. https://api.census.gov/data.html.,2026-06-11T17:06:19.036350+00:00
POP_AGE_65_PLUS_PCT,Population age 65 and older percentage,Demographics,Share of residents age 65+.,Share of residents age 65+.,ACS 5-year Detailed Tables,U.S. Census Bureau,API,United States,United States,,,2024,2024,17.208049077646468,,57633628,334922499,percent,Age 65+ population / total population * 100.,Calculated from ACS numerator and denominator.,B01001_020E: Sex by Age - Estimate!!Total:!!Male:!!65 and 66 years; B01001_021E: Sex by Age - Estimate!!Total:!!Male:!!67 to 69 years; B01001_022E: Sex by Age - Estimate!!Total:!!Male:!!70 to 74 years; B01001_023E: Sex by Age - Estimate!!Total:!!Male:!!75 to 79 years; B01001_024E: Sex by Age - Estimate!!Total:!!Male:!!80 to 84 years; B01001_025E: Sex by Age - Estimate!!Total:!!Male:!!85 years and over; B01001_044E: Sex by Age - Estimate!!Total:!!Female:!!65 and 66 years; B01001_045E: Sex by Age - Estimate!!Total:!!Female:!!67 to 69 years; B01001_046E: Sex by Age - Estimate!!Total:!!Female:!!70 to 74 years; B01001_047E: Sex by Age - Estimate!!Total:!!Female:!!75 to 79 years; B01001_048E: Sex by Age - Estimate!!Total:!!Female:!!80 to 84 years; B01001_049E: Sex by Age - Estimate!!Total:!!Female:!!85 years and over; B01001_001E: Sex by Age - Estimate!!Total:,Total,Yes,65+ count calculated from ACS B01001 age/sex cells. Sum MOE approximated. Derived percentage calculated by script; MOE for derived percentage not calculated.,https://api.census.gov/data/2024/acs/acs5,CENSUS_ACS_API,U.S. Census ACS API: American Community Survey API. U.S. Census Bureau. Ongoing. https://api.census.gov/data.html.,2026-06-11T17:06:19.036696+00:00
HISPANIC_LATINX_COUNT,Hispanic or Latinx population,Demographics,Residents identifying as Hispanic or Latinx.,Residents identifying as Hispanic or Latinx.,ACS 5-year Detailed Tables,U.S. Census Bureau,API,United States,United States,,,2024,2024,64759370,1547,64759370,334922499,people,Number of Hispanic/Latinx residents.,ACS count variable.,B03003_003E: Hispanic or Latino Origin - Estimate!!Total:!!Hispanic or Latino; B01001_001E: Sex by Age - Estimate!!Total:,Total,Yes,Hispanic/Latinx uses ACS B03003.,https://api.census.gov/data/2024/acs/acs5,CENSUS_ACS_API,U.S. Census ACS API: American Community Survey API. U.S. Census Bureau. Ongoing. https://api.census.gov/data.html.,2026-06-11T17:06:19.036969+00:00
HISPANIC_LATINX_PCT,Hispanic or Latinx population percentage,Demographics,Share Hispanic or Latinx.,Share Hispanic or Latinx.,ACS 5-year Detailed Tables,U.S. Census Bureau,API,United States,United States,,,2024,2024,19.335628449374493,,64759370,334922499,percent,Hispanic/Latinx population / total population * 100.,Calculated from ACS numerator and denominator.,B03003_003E: Hispanic or Latino Origin - Estimate!!Total:!!Hispanic or Latino; B01001_001E: Sex by Age - Estimate!!Total:,Total,Yes,Hispanic/Latinx uses ACS B03003. Derived percentage calculated by script; MOE for derived percentage not calculated.,https://api.census.gov/data/2024/acs/acs5,CENSUS_ACS_API,U.S. Census ACS API: American Community Survey API. U.S. Census Bureau. Ongoing. https://api.census.gov/data.html.,2026-06-11T17:06:19.037736+00:00
AIAN_POPULATION_COUNT,American Indian and Alaska Native population,Demographics,AIAN-alone residents.,AIAN-alone residents.,ACS 5-year Detailed Tables,U.S. Census Bureau,API,United States,United States,,,2024,2024,3095754,19785,3095754,334922499,people,Number of AIAN-alone residents.,ACS count variable.,B02001_004E: Race - Estimate!!Total:!!American Indian and Alaska Native alone; B01001_001E: Sex by Age - Estimate!!Total:,Total,Yes,AIAN-alone uses ACS B02001.,https://api.census.gov/data/2024/acs/acs5,CENSUS_ACS_API,U.S. Census ACS API: American Community Survey API. U.S. Census Bureau. Ongoing. https://api.census.gov/data.html.,2026-06-11T17:06:19.038288+00:00
AIAN_POPULATION_PCT,American Indian and Alaska Native population percentage,Demographics,Share AIAN alone.,Share AIAN alone.,ACS 5-year Detailed Tables,U.S. Census Bureau,API,United States,United States,,,2024,2024,0.9243195095113631,,3095754,334922499,percent,AIAN-alone population / total population * 100.,Calculated from ACS numerator and denominator.,B02001_004E: Race - Estimate!!Total:!!American Indian and Alaska Native alone; B01001_001E: Sex by Age - Estimate!!Total:,Total,Yes,AIAN-alone uses ACS B02001. Derived percentage calculated by script; MOE for derived percentage not calculated.,https://api.census.gov/data/2024/acs/acs5,CENSUS_ACS_API,U.S. Census ACS API: American Community Survey API. U.S. Census Bureau. Ongoing. https://api.census.gov/data.html.,2026-06-11T17:06:19.038472+00:00
VETERAN_POPULATION_COUNT,Veteran population,Underserved Populations,Civilian veterans.,Civilian veterans.,ACS 5-year Detailed Tables,U.S. Census Bureau,API,United States,United States,,,2024,2024,16185883,45251,16185883,260112316,people,Number of civilian veterans age 18+.,ACS count variable.,B21001_002E: Sex by Age by Veteran Status for the Civilian Population 18 Years and Over - Estimate!!Total:!!Veteran; B21001_001E: Sex by Age by Veteran Status for the Civilian Population 18 Years and Over - Estimate!!Total:,Total,Yes,Veteran percentage uses ACS B21001 civilian population age 18+ denominator.,https://api.census.gov/data/2024/acs/acs5,CENSUS_ACS_API,U.S. Census ACS API: American Community Survey API. U.S. Census Bureau. Ongoing. https://api.census.gov/data.html.,2026-06-11T17:06:19.038665+00:00
VETERAN_POPULATION_PCT,Veteran population percentage,Underserved Populations,Share of adult civilian population that is veteran.,Share of adult civilian population that is veteran.,ACS 5-year Detailed Tables,U.S. Census Bureau,API,United States,United States,,,2024,2024,6.222651525658631,,16185883,260112316,percent,Veteran population / civilian population age 18+ * 100.,Calculated from ACS numerator and denominator.,B21001_002E: Sex by Age by Veteran Status for the Civilian Population 18 Years and Over - Estimate!!Total:!!Veteran; B21001_001E: Sex by Age by Veteran Status for the Civilian Population 18 Years and Over - Estimate!!Total:,Total,Yes,Veteran percentage uses ACS B21001 civilian population age 18+ denominator. Derived percentage calculated by script; MOE for derived percentage not calculated.,https://api.census.gov/data/2024/acs/acs5,CENSUS_ACS_API,U.S. Census ACS API: American Community Survey API. U.S. Census Bureau. Ongoing. https://api.census.gov/data.html.,2026-06-11T17:06:19.038877+00:00
LANGUAGE_LEP_SPANISH_COUNT,Spanish speakers who speak English less than very well,Culture and Language,Spanish-speaking LEP residents.,Spanish-speaking LEP residents.,ACS 5-year Detailed Tables,U.S. Census Bureau,API,United States,United States,,,2024,2024,17218782,106783,17218782,316142548,people,People age 5+ who speak Spanish and speak English less than very well.,ACS count variable.,"C16001_005E: Language Spoken at Home for the Population 5 Years and Over - Estimate!!Total:!!Spanish:!!Speak English less than ""very well""; C16001_001E: Language Spoken at Home for the Population 5 Years and Over - Estimate!!Total:",Total,Yes,Spanish LEP uses ACS C16001 population age 5+ table.,https://api.census.gov/data/2024/acs/acs5,CENSUS_ACS_API,U.S. Census ACS API: American Community Survey API. U.S. Census Bureau. Ongoing. https://api.census.gov/data.html.,2026-06-11T17:06:19.039067+00:00
LANGUAGE_LEP_SPANISH_PCT,Spanish limited-English-proficiency percentage,Culture and Language,Share age 5+ Spanish LEP.,Share age 5+ Spanish LEP.,ACS 5-year Detailed Tables,U.S. Census Bureau,API,United States,United States,,,2024,2024,5.446524711377982,,17218782,316142548,percent,Spanish LEP / population age 5+ * 100.,Calculated from ACS numerator and denominator.,"C16001_005E: Language Spoken at Home for the Population 5 Years and Over - Estimate!!Total:!!Spanish:!!Speak English less than ""very well""; C16001_001E: Language Spoken at Home for the Population 5 Years and Over - Estimate!!Total:",Total,Yes,Spanish LEP uses ACS C16001 population age 5+ table. Derived percentage calculated by script; MOE for derived percentage not calculated.,https://api.census.gov/data/2024/acs/acs5,CENSUS_ACS_API,U.S. Census ACS API: American Community Survey API. U.S. Census Bureau. Ongoing. https://api.census.gov/data.html.,2026-06-11T17:06:19.039240+00:00
NO_VEHICLE_HOUSEHOLDS_COUNT,Households with no vehicle available,Transportation,Households with no vehicle.,Households with no vehicle.,ACS 5-year Detailed Tables,U.S. Census Bureau,API,United States,United States,,,2024,2024,10793323,27221,10793323,129227496,households,Households reporting no vehicle.,ACS count variable.,B08201_002E: Household Size by Vehicles Available - Estimate!!Total:!!No vehicle available; B08201_001E: Household Size by Vehicles Available - Estimate!!Total:,Total,Yes,No-vehicle percentage uses ACS B08201 household denominator.,https://api.census.gov/data/2024/acs/acs5,CENSUS_ACS_API,U.S. Census ACS API: American Community Survey API. U.S. Census Bureau. Ongoing. https://api.census.gov/data.html.,2026-06-11T17:06:19.039622+00:00
NO_VEHICLE_HOUSEHOLDS_PCT,Households with no vehicle available percentage,Transportation,Share of households with no vehicle.,Share of households with no vehicle.,ACS 5-year Detailed Tables,U.S. Census Bureau,API,United States,United States,,,2024,2024,8.352187679934616,,10793323,129227496,percent,No-vehicle households / total households * 100.,Calculated from ACS numerator and denominator.,B08201_002E: Household Size by Vehicles Available - Estimate!!Total:!!No vehicle available; B08201_001E: Household Size by Vehicles Available - Estimate!!Total:,Total,Yes,No-vehicle percentage uses ACS B08201 household denominator. Derived percentage calculated by script; MOE for derived percentage not calculated.,https://api.census.gov/data/2024/acs/acs5,CENSUS_ACS_API,U.S. Census ACS API: American Community Survey API. U.S. Census Bureau. Ongoing. https://api.census.gov/data.html.,2026-06-11T17:06:19.039772+00:00
SNAP_HOUSEHOLDS_COUNT,Households receiving SNAP,Food/Nutrition,Households receiving SNAP.,Households receiving SNAP.,ACS 5-year Detailed Tables,U.S. Census Bureau,API,United States,United States,,,2024,2024,15572114,49058,15572114,129227496,households,Households receiving SNAP.,ACS count variable.,B22010_002E: Receipt of Food Stamps/SNAP in the Past 12 Months by Disability Status for Households - Estimate!!Total:!!Household received Food Stamps/SNAP in the past 12 months:; B22010_001E: Receipt of Food Stamps/SNAP in the Past 12 Months by Disability Status for Households - Estimate!!Total:,Total,Yes,SNAP percentage uses ACS B22010 household denominator.,https://api.census.gov/data/2024/acs/acs5,CENSUS_ACS_API,U.S. Census ACS API: American Community Survey API. U.S. Census Bureau. Ongoing. https://api.census.gov/data.html.,2026-06-11T17:06:19.039937+00:00
SNAP_HOUSEHOLDS_PCT,Households receiving SNAP percentage,Food/Nutrition,Share of households receiving SNAP.,Share of households receiving SNAP.,ACS 5-year Detailed Tables,U.S. Census Bureau,API,United States,United States,,,2024,2024,12.050155332267677,,15572114,129227496,percent,SNAP households / total households * 100.,Calculated from ACS numerator and denominator.,B22010_002E: Receipt of Food Stamps/SNAP in the Past 12 Months by Disability Status for Households - Estimate!!Total:!!Household received Food Stamps/SNAP in the past 12 months:; B22010_001E: Receipt of Food Stamps/SNAP in the Past 12 Months by Disability Status for Households - Estimate!!Total:,Total,Yes,SNAP percentage uses ACS B22010 household denominator. Derived percentage calculated by script; MOE for derived percentage not calculated.,https://api.census.gov/data/2024/acs/acs5,CENSUS_ACS_API,U.S. Census ACS API: American Community Survey API. U.S. Census Bureau. Ongoing. https://api.census.gov/data.html.,2026-06-11T17:06:19.040086+00:00
RENT_BURDENED_HOUSEHOLDS_COUNT,Rent-burdened households,Housing Stability,Renter households spending 30%+ of income on rent.,Renter households spending 30%+ of income on rent.,ACS 5-year Detailed Tables,U.S. Census Bureau,API,United States,United States,,,2024,2024,21422415,63960.51251358138,21422415,45017354,households,Rent-burdened renter households.,Calculated from ACS rent categories.,B25070_007E: Gross Rent as a Percentage of Household Income in the Past 12 Months - Estimate!!Total:!!30.0 to 34.9 percent; B25070_008E: Gross Rent as a Percentage of Household Income in the Past 12 Months - Estimate!!Total:!!35.0 to 39.9 percent; B25070_009E: Gross Rent as a Percentage of Household Income in the Past 12 Months - Estimate!!Total:!!40.0 to 49.9 percent; B25070_010E: Gross Rent as a Percentage of Household Income in the Past 12 Months - Estimate!!Total:!!50.0 percent or more; B25070_001E: Gross Rent as a Percentage of Household Income in the Past 12 Months - Estimate!!Total:,Total,Yes,Rent-burdened households calculated from ACS B25070 categories for 30% or more of income. Sum MOE approximated.,https://api.census.gov/data/2024/acs/acs5,CENSUS_ACS_API,U.S. Census ACS API: American Community Survey API. U.S. Census Bureau. Ongoing. https://api.census.gov/data.html.,2026-06-11T17:06:19.040293+00:00
RENT_BURDENED_HOUSEHOLDS_PCT,Rent-burdened households percentage,Housing Stability,Share of renter households rent-burdened.,Share of renter households rent-burdened.,ACS 5-year Detailed Tables,U.S. Census Bureau,API,United States,United States,,,2024,2024,47.587014998704724,,21422415,45017354,percent,Rent-burdened renter households / renter households * 100.,Calculated from ACS numerator and denominator.,B25070_007E: Gross Rent as a Percentage of Household Income in the Past 12 Months - Estimate!!Total:!!30.0 to 34.9 percent; B25070_008E: Gross Rent as a Percentage of Household Income in the Past 12 Months - Estimate!!Total:!!35.0 to 39.9 percent; B25070_009E: Gross Rent as a Percentage of Household Income in the Past 12 Months - Estimate!!Total:!!40.0 to 49.9 percent; B25070_010E: Gross Rent as a Percentage of Household Income in the Past 12 Months - Estimate!!Total:!!50.0 percent or more; B25070_001E: Gross Rent as a Percentage of Household Income in the Past 12 Months - Estimate!!Total:,Total,Yes,Rent-burdened households calculated from ACS B25070 categories for 30% or more of income. Sum MOE approximated. Derived percentage calculated by script; MOE for derived percentage not calculated.,https://api.census.gov/data/2024/acs/acs5,CENSUS_ACS_API,U.S. Census ACS API: American Community Survey API. U.S. Census Bureau. Ongoing. https://api.census.gov/data.html.,2026-06-11T17:06:19.040441+00:00
MEDIAN_HOME_VALUE,Median home value,Housing Stability,Median owner-occupied home value.,Median owner-occupied home value.,ACS 5-year Detailed Tables,U.S. Census Bureau,API,United States,United States,,,2024,2024,332700,236,,,dollars,Median home value in dollars.,ACS dollar variable.,B25077_001E: Median Value (Dollars) - Estimate!!Median value (dollars); B25077_001M,Owner-occupied housing units,Yes,Most recent usable ACS 5-year detailed table.,https://api.census.gov/data/2024/acs/acs5,CENSUS_ACS_API,U.S. Census ACS API: American Community Survey API. U.S. Census Bureau. Ongoing. https://api.census.gov/data.html.,2026-06-11T17:06:19.040621+00:00
MEDIAN_HOUSEHOLD_INCOME,Median household income,Economic Stability,Median household income.,Median household income.,ACS 5-year Detailed Tables,U.S. Census Bureau,API,United States,United States,,,2024,2024,80734,166,,,dollars,Median household income in dollars.,ACS dollar variable.,B19013_001E: Median Household Income in the Past 12 Months (in 2024 Inflation-Adjusted Dollars) - Estimate!!Median household income in the past 12 months (in 2024 inflation-adjusted dollars); B19013_001M,Households,Yes,Most recent usable ACS 5-year detailed table.,https://api.census.gov/data/2024/acs/acs5,CENSUS_ACS_API,U.S. Census ACS API: American Community Survey API. U.S. Census Bureau. Ongoing. https://api.census.gov/data.html.,2026-06-11T17:06:19.040784+00:00
POVERTY_RATE,Population below poverty level,Economic Stability,Percentage below poverty.,Percentage below poverty.,ACS 5-year Data Profile,U.S. Census Bureau,API,United States,United States,,,2024,2024,12.5,0.1,,,percent,Percent below federal poverty level.,ACS profile percent variable.,DP03_0128PE: Selected Economic Characteristics - Percent!!PERCENTAGE OF FAMILIES AND PEOPLE WHOSE INCOME IN THE PAST 12 MONTHS IS BELOW THE POVERTY LEVEL!!All people; DP03_0128PM,Total,Yes,Most recent usable ACS 5-year profile table.,https://api.census.gov/data/2024/acs/acs5/profile,CENSUS_ACS_API,U.S. Census ACS API: American Community Survey API. U.S. Census Bureau. Ongoing. https://api.census.gov/data.html.,2026-06-11T17:06:19.043847+00:00
UNINSURED_RATE,Uninsured rate,Insurance Coverage,Percentage without health insurance.,Percentage without health insurance.,ACS 5-year Data Profile,U.S. Census Bureau,API,United States,United States,,,2024,2024,8.4,0.1,,,percent,Percent with no health insurance.,ACS profile percent variable.,DP03_0099PE: Selected Economic Characteristics - Percent!!HEALTH INSURANCE COVERAGE!!Civilian noninstitutionalized population!!No health insurance coverage; DP03_0099PM,Total,Yes,Most recent usable ACS 5-year profile table.,https://api.census.gov/data/2024/acs/acs5/profile,CENSUS_ACS_API,U.S. Census ACS API: American Community Survey API. U.S. Census Bureau. Ongoing. https://api.census.gov/data.html.,2026-06-11T17:06:19.044195+00:00
PUBLIC_COVERAGE_RATE,Public health insurance coverage rate,Insurance Coverage,Percentage with public coverage.,Percentage with public coverage.,ACS 5-year Data Profile,U.S. Census Bureau,API,United States,United States,,,2024,2024,36.7,0.1,,,percent,Percent with public health insurance.,ACS DP03_0098PE.,DP03_0098PE: Selected Economic Characteristics - Percent!!HEALTH INSURANCE COVERAGE!!Civilian noninstitutionalized population!!With health insurance coverage!!With public coverage; DP03_0098PM,Total,Yes,Most recent usable ACS 5-year profile table.,https://api.census.gov/data/2024/acs/acs5/profile,CENSUS_ACS_API,U.S. Census ACS API: American Community Survey API. U.S. Census Bureau. Ongoing. https://api.census.gov/data.html.,2026-06-11T17:06:19.044355+00:00
DISABILITY_COUNT,Population with a disability,Underserved Populations,Residents with a disability.,Residents with a disability.,ACS 5-year Subject Tables,U.S. Census Bureau,API,United States,United States,,,2024,2024,43869797,106767,43869797,,people,Civilian noninstitutionalized people with a disability.,ACS subject count variable.,S1810_C02_001E: Disability Characteristics - Estimate!!With a disability!!Total civilian noninstitutionalized population; S1810_C02_001M,Civilian noninstitutionalized population,Yes,Most recent usable ACS 5-year subject table.,https://api.census.gov/data/2024/acs/acs5/subject,CENSUS_ACS_API,U.S. Census ACS API: American Community Survey API. U.S. Census Bureau. Ongoing. https://api.census.gov/data.html.,2026-06-11T17:06:19.046048+00:00
DISABILITY_PREVALENCE,Disability prevalence,Underserved Populations,Share of residents with a disability.,Share of residents with a disability.,ACS 5-year Subject Tables,U.S. Census Bureau,API,United States,United States,,,2024,2024,13.3,0.1,,,percent,Percent with a disability.,ACS subject percent variable.,S1810_C03_001E: Disability Characteristics - Estimate!!Percent with a disability!!Total civilian noninstitutionalized population; S1810_C03_001M,Civilian noninstitutionalized population,Yes,Most recent usable ACS 5-year subject table.,https://api.census.gov/data/2024/acs/acs5/subject,CENSUS_ACS_API,U.S. Census ACS API: American Community Survey API. U.S. Census Bureau. Ongoing. https://api.census.gov/data.html.,2026-06-11T17:06:19.046201+00:00
UNEMPLOYMENT_RATE,Unemployment rate,Economic Stability,Unemployment rate.,Unemployment rate.,BLS LAUS,U.S. Bureau of Labor Statistics,API,"Cook County, Illinois",County,17,031,2024 Calculated annual average from 12 monthly BLS rows,2024 Calculated annual average from 12 monthly BLS rows,5.333333333333333,,,,percent,Unemployed labor force / labor force * 100.,BLS LAUS.,"LAUCN170310000000003: LAUS county unemployment rate, Calculated annual average from 12 monthly BLS rows.",Calculated annual average from 12 monthly BLS rows,No,BLS M13 annual average was unavailable; script calculated an unweighted average from 12 monthly rows for the latest complete year. Validate inferred county LAUS series ID before publication.,https://api.bls.gov/publicAPI/v2/timeseries/data/,BLS_LAUS_API,BLS Public Data API: Local Area Unemployment Statistics via BLS Public Data API. U.S. Bureau of Labor Statistics. Ongoing. https://api.bls.gov/publicAPI/v2/timeseries/data/.,2026-06-11T17:06:19.059763+00:00
FREQUENT_MENTAL_DISTRESS,Frequent mental distress,Mental Health Prevalence and Outcomes,Estimated frequent mental distress prevalence.,Estimated frequent mental distress prevalence.,CDC PLACES,Centers for Disease Control and Prevention,API / Socrata,Cook,County,17,031,2023,2023,15.4,,,,percent,Percent of relevant adult population.,"CDC PLACES API metadata, normalized from source unit.",measure=Frequent mental distress among adults; measureid=MHLTH; category=Health Status; short_question_text=Frequent Mental Distress; data_value_type=Age-adjusted prevalence,Frequent mental distress among adults,Partial,Most recent matching CDC PLACES county row returned from tried Socrata endpoint; modeled estimate; validate endpoint/release before final reporting.,https://data.cdc.gov/resource/swc5-untb.json,CDC_PLACES_API,CDC PLACES API: CDC PLACES Local Data for Better Health. Centers for Disease Control and Prevention. Ongoing. https://data.cdc.gov/.,2026-06-11T17:06:19.062104+00:00
DEPRESSION_PREVALENCE,Depression prevalence,Mental Health Prevalence and Outcomes,Estimated depression prevalence.,Estimated depression prevalence.,CDC PLACES,Centers for Disease Control and Prevention,API / Socrata,Cook,County,17,031,2023,2023,19,,,,percent,Percent of relevant adult population.,"CDC PLACES API metadata, normalized from source unit.",measure=Depression among adults; measureid=DEPRESSION; category=Health Outcomes; short_question_text=Depression; data_value_type=Age-adjusted prevalence,Depression among adults,Partial,Most recent matching CDC PLACES county row returned from tried Socrata endpoint; modeled estimate; validate endpoint/release before final reporting.,https://data.cdc.gov/resource/swc5-untb.json,CDC_PLACES_API,CDC PLACES API: CDC PLACES Local Data for Better Health. Centers for Disease Control and Prevention. Ongoing. https://data.cdc.gov/.,2026-06-11T17:06:19.063077+00:00
BINGE_DRINKING,Binge drinking,Substance Use Prevalence and Outcomes,Estimated binge drinking prevalence.,Estimated binge drinking prevalence.,CDC PLACES,Centers for Disease Control and Prevention,API / Socrata,Cook,County,17,031,2023,2023,19,,,,percent,Percent of relevant adult population.,"CDC PLACES API metadata, normalized from source unit.",measure=Binge drinking among adults; measureid=BINGE; category=Health Risk Behaviors; short_question_text=Binge Drinking; data_value_type=Age-adjusted prevalence,Binge drinking among adults,Partial,Most recent matching CDC PLACES county row returned from tried Socrata endpoint; modeled estimate; validate endpoint/release before final reporting.,https://data.cdc.gov/resource/swc5-untb.json,CDC_PLACES_API,CDC PLACES API: CDC PLACES Local Data for Better Health. Centers for Disease Control and Prevention. Ongoing. https://data.cdc.gov/.,2026-06-11T17:06:19.063961+00:00
CURRENT_SMOKING,Current smoking,Physical Health and Co-occurring Conditions,Estimated current smoking prevalence.,Estimated current smoking prevalence.,CDC PLACES,Centers for Disease Control and Prevention,API / Socrata,Cook,County,17,031,2023,2023,11.1,,,,percent,Percent of relevant adult population.,"CDC PLACES API metadata, normalized from source unit.",measure=Current cigarette smoking among adults; measureid=CSMOKING; category=Health Risk Behaviors; short_question_text=Current Cigarette Smoking; data_value_type=Crude prevalence,Current cigarette smoking among adults,Partial,Most recent matching CDC PLACES county row returned from tried Socrata endpoint; modeled estimate; validate endpoint/release before final reporting.,https://data.cdc.gov/resource/swc5-untb.json,CDC_PLACES_API,CDC PLACES API: CDC PLACES Local Data for Better Health. Centers for Disease Control and Prevention. Ongoing. https://data.cdc.gov/.,2026-06-11T17:06:19.064982+00:00
MEDICAID_COVERAGE_RATE,Medicaid coverage rate,Insurance Coverage,Percentage covered by Medicaid.,Percentage covered by Medicaid.,CMS Medicaid / ACS Medicaid-specific data,CMS / U.S. Census Bureau,Manual/API extension needed,"Cook County, Illinois",Service area,17,031,current source as of retrieval; manual/download connector needed,current source as of retrieval; manual/download connector needed,,,,,percent,Medicaid coverage rate.,Placeholder requiring Medicaid-specific source.,CMS Medicaid / ACS Medicaid-specific data: Percentage covered by Medicaid.,Total,No,"This indicator requires a source-specific connector, manual download, Medicaid-specific table, or internal data. No estimate was fabricated.",https://data.medicaid.gov/ or Medicaid-specific ACS detailed table,CMS_MEDICAID_DATA,CMS Medicaid Data: Data.Medicaid.gov and Medicaid administrative data. Centers for Medicare & Medicaid Services. Ongoing. https://data.medicaid.gov/.,2026-06-11T17:06:19.065311+00:00
SUICIDE_MORTALITY,Suicide deaths and age-adjusted suicide mortality rate,Mental Health Prevalence and Outcomes,Suicide mortality burden.,Suicide mortality burden.,CDC WONDER / NVSS,Centers for Disease Control and Prevention,Manual download fallback,"Cook County, Illinois",Service area,17,031,current source as of retrieval; manual/download connector needed,current source as of retrieval; manual/download connector needed,,,,,"deaths per 100,000","Age-adjusted suicide deaths per 100,000.",CDC WONDER/NVSS.,CDC WONDER / NVSS: Suicide mortality burden.,Total,No,"This indicator requires a source-specific connector, manual download, Medicaid-specific table, or internal data. No estimate was fabricated.",https://wonder.cdc.gov/,CDC_WONDER_NVSS,"CDC WONDER / NVSS: CDC WONDER, National Vital Statistics System Mortality. Centers for Disease Control and Prevention. Ongoing. https://wonder.cdc.gov/.",2026-06-11T17:06:19.065505+00:00
OVERDOSE_MORTALITY,Drug overdose deaths and age-adjusted overdose mortality rate,Substance Use Prevalence and Outcomes,Overdose mortality burden.,Overdose mortality burden.,CDC WONDER / NVSS,Centers for Disease Control and Prevention,Manual download fallback,"Cook County, Illinois",Service area,17,031,current source as of retrieval; manual/download connector needed,current source as of retrieval; manual/download connector needed,,,,,"deaths per 100,000","Age-adjusted overdose deaths per 100,000.",CDC WONDER/NVSS.,CDC WONDER / NVSS: Overdose mortality burden.,Total,No,"This indicator requires a source-specific connector, manual download, Medicaid-specific table, or internal data. No estimate was fabricated.",https://wonder.cdc.gov/,CDC_WONDER_NVSS,"CDC WONDER / NVSS: CDC WONDER, National Vital Statistics System Mortality. Centers for Disease Control and Prevention. Ongoing. https://wonder.cdc.gov/.",2026-06-11T17:06:19.065695+00:00
MENTAL_HEALTH_HPSA,Mental Health HPSA status,Workforce and Provider Availability,Mental health shortage designation.,Mental health shortage designation.,HRSA Data Warehouse,Health Resources and Services Administration,API / public files,"Cook County, Illinois",Service area,17,031,current source as of retrieval; manual/download connector needed,current source as of retrieval; manual/download connector needed,,,,,designation,HPSA designation/score.,HRSA HPSA.,HRSA Data Warehouse: Mental health shortage designation.,Total,No,"This indicator requires a source-specific connector, manual download, Medicaid-specific table, or internal data. No estimate was fabricated.",https://data.hrsa.gov/,HRSA_DATA_WAREHOUSE,HRSA Data Warehouse: HRSA Data Warehouse and Area Health Resource Files. Health Resources and Services Administration. Ongoing. https://data.hrsa.gov/.,2026-06-11T17:06:19.065886+00:00
TREATMENT_FACILITIES_MH,Mental health treatment facilities,Treatment Facilities and Service Infrastructure,Mental health facility availability.,Mental health facility availability.,SAMHSA FindTreatment / N-SUMHSS,Substance Abuse and Mental Health Services Administration,Locator / public files,"Cook County, Illinois",Service area,17,031,current source as of retrieval; manual/download connector needed,current source as of retrieval; manual/download connector needed,,,,,facilities,Count of facility records.,SAMHSA locator/files.,SAMHSA FindTreatment / N-SUMHSS: Mental health facility availability.,Total,No,"This indicator requires a source-specific connector, manual download, Medicaid-specific table, or internal data. No estimate was fabricated.",https://findtreatment.gov/,SAMHSA_FINDTREATMENT,SAMHSA FindTreatment / N-SUMHSS: SAMHSA Behavioral Health Treatment Locator and N-SUMHSS. Substance Abuse and Mental Health Services Administration. Ongoing. https://findtreatment.gov/.,2026-06-11T17:06:19.066076+00:00
TREATMENT_FACILITIES_SUD,SUD treatment facilities and MOUD availability,Treatment Facilities and Service Infrastructure,SUD/MOUD facility availability.,SUD/MOUD facility availability.,SAMHSA FindTreatment / N-SUMHSS,Substance Abuse and Mental Health Services Administration,Locator / public files,"Cook County, Illinois",Service area,17,031,current source as of retrieval; manual/download connector needed,current source as of retrieval; manual/download connector needed,,,,,facilities,Count of facility records.,SAMHSA locator/files.,SAMHSA FindTreatment / N-SUMHSS: SUD/MOUD facility availability.,Total,No,"This indicator requires a source-specific connector, manual download, Medicaid-specific table, or internal data. No estimate was fabricated.",https://findtreatment.gov/,SAMHSA_FINDTREATMENT,SAMHSA FindTreatment / N-SUMHSS: SAMHSA Behavioral Health Treatment Locator and N-SUMHSS. Substance Abuse and Mental Health Services Administration. Ongoing. https://findtreatment.gov/.,2026-06-11T17:06:19.066267+00:00
HOMELESSNESS_PIT,People experiencing homelessness,Housing Stability,Homelessness count.,Homelessness count.,HUD PIT/HIC,U.S. Department of Housing and Urban Development,Public download,"Cook County, Illinois",Service area,17,031,current source as of retrieval; manual/download connector needed,current source as of retrieval; manual/download connector needed,,,,,people,People counted as experiencing homelessness.,HUD PIT/HIC.,HUD PIT/HIC: Homelessness count.,Total,No,"This indicator requires a source-specific connector, manual download, Medicaid-specific table, or internal data. No estimate was fabricated.",https://www.hudexchange.info/programs/hdx/pit-hic/,HUD_PIT_HIC,HUD PIT/HIC: Point-in-Time Count and Housing Inventory Count. U.S. Department of Housing and Urban Development. Annual. https://www.hudexchange.info/programs/hdx/pit-hic/.,2026-06-11T17:06:19.066457+00:00
SCHOOL_ENROLLMENT,School enrollment and student demographics,"Children, Youth, and Families",Student enrollment.,Student enrollment.,NCES Common Core of Data,National Center for Education Statistics,API / public files,"Cook County, Illinois",Service area,17,031,current source as of retrieval; manual/download connector needed,current source as of retrieval; manual/download connector needed,,,,,students,Enrolled students.,NCES CCD.,NCES Common Core of Data: Student enrollment.,Total,No,"This indicator requires a source-specific connector, manual download, Medicaid-specific table, or internal data. No estimate was fabricated.",https://nces.ed.gov/ccd/,NCES_CCD,NCES Common Core of Data: Common Core of Data. National Center for Education Statistics. Ongoing. https://nces.ed.gov/ccd/.,2026-06-11T17:06:19.066648+00:00
CLIENT_DEMOGRAPHICS,CCBHC client demographics,Underserved Populations,Client demographic profile.,Client demographic profile.,Internal EHR / client data,Client organization,Internal file,"Cook County, Illinois",Service area,17,031,current source as of retrieval; manual/download connector needed,current source as of retrieval; manual/download connector needed,,,,,clients,Clients or percent of clients.,Internal data.,Internal EHR / client data: Client demographic profile.,Total,No,"This indicator requires a source-specific connector, manual download, Medicaid-specific table, or internal data. No estimate was fabricated.",Not available through government API,INTERNAL_PLACEHOLDER,Internal organization data placeholder: Internal CCBHC data placeholder. Client organization. Project-specific. Not available through government API.,2026-06-11T17:06:19.066838+00:00
SERVICE_UTILIZATION,"Service utilization, referrals, wait times, no-shows",Access to Care,Service access and operations.,Service access and operations.,Internal operations data,Client organization,Internal file,"Cook County, Illinois",Service area,17,031,current source as of retrieval; manual/download connector needed,current source as of retrieval; manual/download connector needed,,,,,varies,"Visits, clients, days, referrals, or percent.",Internal data.,Internal operations data: Service access and operations.,Total,No,"This indicator requires a source-specific connector, manual download, Medicaid-specific table, or internal data. No estimate was fabricated.",Not available through government API,INTERNAL_PLACEHOLDER,Internal organization data placeholder: Internal CCBHC data placeholder. Client organization. Project-specific. Not available through government API.,2026-06-11T17:06:19.067030+00:00
STAFFING_PLAN,"Staffing plan, FTEs, credentials, turnover, training",Staffing Implications,Staffing capacity and alignment.,Staffing capacity and alignment.,Internal staffing plan,Client organization,Internal file,"Cook County, Illinois",Service area,17,031,current source as of retrieval; manual/download connector needed,current source as of retrieval; manual/download connector needed,,,,,FTE / roles,"FTEs, roles, credentials, vacancies.",Internal data.,Internal staffing plan: Staffing capacity and alignment.,Total,No,"This indicator requires a source-specific connector, manual download, Medicaid-specific table, or internal data. No estimate was fabricated.",Not available through government API,INTERNAL_PLACEHOLDER,Internal organization data placeholder: Internal CCBHC data placeholder. Client organization. Project-specific. Not available through government API.,2026-06-11T17:06:19.067220+00:00
QUALITATIVE_THEMES,"Interview, focus group, advisory board, and survey themes",Qualitative Findings,Primary qualitative themes.,Primary qualitative themes.,Primary qualitative research,Client organization / consultant,Internal file,"Cook County, Illinois",Service area,17,031,current source as of retrieval; manual/download connector needed,current source as of retrieval; manual/download connector needed,,,,,themes,"Themes, findings, quotes, or counts.",Internal qualitative analysis.,Primary qualitative research: Primary qualitative themes.,Total,No,"This indicator requires a source-specific connector, manual download, Medicaid-specific table, or internal data. No estimate was fabricated.",Not available through government API,INTERNAL_PLACEHOLDER,Internal organization data placeholder: Internal CCBHC data placeholder. Client organization. Project-specific. Not available through government API.,2026-06-11T17:06:19.067412+00:00